WEO Country Code,ISO,Country,Units,Scale,Country/Series-specific Notes,1988,1989,1990,1991,1992,1993,1994,1995,1996,1997,1998,1999,2000,2001,2002,2003,2004,2005,2006,2007,2008,2009,2010,2011,2012,2013,2014,2015,2016,2017,2018,2019,2020,2021,2022,2023,2024,2025,Estimates Start After
512,AFG,Afghanistan,Percent change,,,n/a,n/a,n/a,n/a,n/a,n/a,n/a,n/a,n/a,n/a,n/a,n/a,n/a,n/a,n/a,8.692,0.671,11.83,5.361,13.34,3.863,20.585,8.438,6.479,13.968,5.683,2.697,0.988,2.164,2.647,1.189,3.912,-5,4,4.524,4.5,4.009,4.012,2019
914,ALB,Albania,Percent change,,,-1.4,9.8,-10,-28,-7.2,9.6,9.4,8.9,9.1,-10.924,8.829,12.891,6.946,8.293,4.537,5.529,5.515,5.526,5.903,5.983,7.5,3.354,3.707,2.545,1.418,1.002,1.774,2.219,3.315,3.802,4.071,2.24,-7.529,6.094,5.818,4.311,3.458,3.429,2018
612,DZA,Algeria,Percent change,,,-1.9,4.8,0.8,-1.2,1.6,-2.102,-0.9,3.848,3.8,1.1,5.098,3.2,3.8,3,5.6,7.2,4.3,5.9,1.684,3.373,2.36,1.632,3.616,2.823,3.391,2.8,3.8,3.7,3.2,1.3,1.4,0.8,-5.461,3.163,2.557,1.149,1.029,0.949,2019
614,AGO,Angola,Percent change,,,6.129,0.042,-3.45,12.084,11.403,10.969,10.511,10.364,11.208,7.274,4.691,2.181,3.055,4.206,13.666,2.99,10.953,15.029,11.548,14.01,11.166,0.859,4.859,3.472,8.542,4.955,4.823,0.944,-2.58,-0.15,-1.2,-0.9,-4.011,3.229,2.984,3.93,3.771,2.892,2018
311,ATG,Antigua and Barbuda,Percent change,,,5.213,5.252,3.012,2.177,1.158,5.28,6.676,-4.359,6.605,5.471,4.731,3.708,6.692,-4.954,1.024,6.058,5.736,6.412,12.729,9.259,-0.03,-12.108,-7.574,-1.959,3.372,-0.601,3.797,3.824,5.498,3.144,6.95,3.351,-17.273,4.701,11.041,8.234,3.989,3.67,2019
213,ARG,Argentina,Percent change,,,-1.957,-7.007,-1.338,10.498,10.299,6.251,5.83,-2.845,5.527,8.111,3.85,-3.385,-0.789,-4.409,-10.894,8.955,8.911,8.852,8.047,9.008,4.057,-5.919,10.125,6.004,-1.026,2.405,-2.513,2.731,-2.08,2.819,-2.565,-2.088,-11.784,4.889,2.526,2.283,2.118,1.703,2019
911,ARM,Armenia,Percent change,,,n/a,n/a,n/a,n/a,n/a,-14.054,5.4,8.033,5.169,3.387,6.271,3.17,5.853,9.468,14.807,14.052,10.473,14.113,13.198,13.749,6.948,-14.15,2.2,4.7,7.134,3.412,3.607,3.254,0.195,7.518,5.225,7.582,-4.455,3.549,5.04,4.84,4.74,4.5,2019
314,ABW,Aruba,Percent change,,,n/a,n/a,n/a,n/a,n/a,n/a,n/a,n/a,1.255,7.017,1.871,1.368,7.604,-2.97,-3.271,1.977,7.909,1.22,1.051,2.034,0.153,-11.334,-3.339,3.505,-1.368,4.165,0.904,-0.448,0.483,2.342,1.2,0.4,-19.7,9,4.5,1.5,1.3,1.1,2017
193,AUS,Australia,Percent change,,,4.253,4.625,1.502,-1,2.56,3.9,4.899,2.839,4.152,4.578,4.702,4.459,3.027,2.612,4.136,2.784,4.117,3.028,2.707,4.428,2.667,1.88,2.36,2.842,3.8,2.127,2.582,2.306,2.77,2.446,2.767,1.841,-4.159,2.953,2.804,2.575,2.609,2.542,2019
122,AUT,Austria,Percent change,,,0.961,3.887,4.346,3.442,2.094,0.527,2.402,2.668,2.398,2.094,3.581,3.556,3.376,1.267,1.652,0.941,2.735,2.244,3.454,3.727,1.46,-3.765,1.837,2.923,0.68,0.026,0.661,1.015,2.083,2.476,2.42,1.601,-6.72,4.646,2.146,1.946,1.746,1.646,2019
912,AZE,Azerbaijan,Percent change,,,n/a,n/a,n/a,n/a,n/a,-23.098,-19.673,-13.027,2.531,8.884,6.007,11.396,6.227,6.486,9.439,10.208,9.254,27.962,34.466,25.463,10.591,9.369,4.789,-1.573,2.203,5.843,2.798,1.05,-3.064,0.154,1.5,2.219,-4.027,1.97,1.605,1.68,1.692,1.704,2018
313,BHS,The Bahamas,Percent change,,,2.255,2.3,1.052,-4.182,-3.826,0.308,3.149,4.379,4.224,4.946,4.716,7.144,4.149,2.626,2.705,-1.265,0.883,3.395,2.517,1.446,-2.324,-4.175,1.539,0.613,3.087,-2.679,1.054,0.23,1.444,3.116,3.026,1.218,-14.784,4.592,5.54,4.027,2.184,1.5,2018
419,BHR,Bahrain,Percent change,,,5.952,1.013,3.503,2.286,7.123,7.604,3.212,1.923,3.25,2.348,4.849,5.972,7.018,2.491,3.349,6.296,6.981,6.769,6.467,8.294,6.242,2.541,4.337,1.984,3.728,5.416,4.351,2.485,3.558,4.291,1.779,1.819,-4.913,2.251,2.83,2.845,3.024,3.288,2019
513,BGD,Bangladesh,Percent change,,,2.159,2.612,5.941,3.339,5.04,4.574,4.085,4.925,4.622,5.387,5.225,4.872,5.945,5.274,4.415,5.256,6.27,5.956,6.629,7.059,6.014,5.045,5.572,6.464,6.521,6.014,6.061,6.553,7.114,7.284,7.864,8.153,3.799,4.4,7.94,7.3,7.3,7.3,2019
316,BRB,Barbados,Percent change,,,3.5,3.6,-3.3,-3.9,-5.7,0.8,2,2.023,3.966,4.74,3.74,0.326,4.453,-2.367,0.791,2.171,1.407,3.965,5.669,2.202,0.698,-5.076,-2.288,-0.673,-0.45,-1.411,-0.126,2.446,2.485,0.478,-0.583,-0.098,-11.6,7.4,3.918,1.84,1.84,1.84,2019
913,BLR,Belarus,Percent change,,,n/a,n/a,n/a,n/a,n/a,-7.6,-11.7,-11.084,2.776,11.434,8.442,3.354,5.76,4.725,5.045,7.043,11.45,9.441,9.998,8.647,10.248,0.164,7.75,5.55,1.708,0.999,1.651,-3.83,-2.526,2.532,3.149,1.222,-2.991,2.206,1.966,0.907,0.675,1.284,2019
124,BEL,Belgium,Percent change,,,4.723,3.469,3.137,1.833,1.531,-0.962,3.227,2.385,1.321,3.794,1.962,3.543,3.717,1.1,1.707,1.038,3.571,2.322,2.552,3.677,0.447,-2.021,2.864,1.695,0.739,0.459,1.579,2.033,1.478,1.904,1.488,1.404,-8.262,5.352,2.668,2.203,1.688,1.35,2019
339,BLZ,Belize,Percent change,,,10.861,15.474,11.209,11.465,12.083,6.276,0.147,0.664,1.416,3.595,3.685,8.77,13.048,4.681,4.747,9.316,4.777,1.957,4.824,0.51,3.465,0.237,3.002,1.914,2.426,1.302,3.619,2.85,0.104,1.863,2.079,-1.99,-16,8,5,3,2.003,2.003,2019
638,BEN,Benin,Percent change,,,3.428,-2.849,8.976,4.226,2.958,5.836,2.02,6.045,4.324,5.735,3.961,4.358,5.858,5.333,4.643,3.444,4.43,1.713,3.944,5.986,4.897,2.319,2.114,2.964,4.811,7.191,6.358,1.778,3.34,5.672,6.697,6.866,1.998,4.99,6.974,7.011,7.004,7.02,2018
514,BTN,Bhutan,Percent change,,,15.079,6.194,9.098,4.896,2.083,3.192,2.232,6.019,5.971,5.544,6.009,7.087,6.934,7.04,9.516,9.32,6.876,6.666,7.137,12.861,10.964,5.801,9.484,9.866,6.495,3.582,3.968,6.221,7.408,6.322,3.821,3.806,0.568,-0.463,5.818,6.933,8.134,5.987,2019
218,BOL,Bolivia,Percent change,,,2.91,3.79,4.636,5.267,1.646,4.269,4.667,4.678,4.361,4.954,5.029,0.427,2.508,1.684,2.486,2.711,4.173,4.421,4.797,4.564,6.148,3.357,4.127,5.204,5.122,6.796,5.461,4.857,4.264,4.195,4.224,2.217,-7.9,5.6,4.3,4,3.7,3.7,2019
963,BIH,Bosnia and Herzegovina,Percent change,,,n/a,n/a,n/a,n/a,n/a,n/a,n/a,n/a,n/a,22.853,13.814,10.75,4.442,2.362,5.053,3.858,6.257,4.236,5.691,5.979,5.594,-0.816,0.767,0.908,-0.707,2.351,1.148,3.088,3.146,3.164,3.716,2.7,-6.5,5,4,3.5,3.5,3.5,2018
616,BWA,Botswana,Percent change,,,23.42,4.665,8.787,6.237,-0.208,4.027,-0.786,7.03,5.83,8.027,0.721,9.667,1.987,0.25,6.07,4.625,2.706,4.556,8.364,8.28,6.242,-7.652,8.564,6.048,4.456,11.344,4.149,-1.698,4.304,2.904,4.479,2.966,-9.627,8.708,4.343,4.07,4.073,4.105,2019
223,BRA,Brazil,Percent change,,,0.264,3.2,-4.168,1.031,-0.467,4.665,5.334,4.417,2.209,3.395,0.338,0.468,4.388,1.39,3.053,1.141,5.76,3.202,3.962,6.07,5.094,-0.126,7.528,3.974,1.921,3.005,0.504,-3.546,-3.276,1.323,1.317,1.137,-5.801,2.828,2.272,2.236,2.206,2.218,2019
516,BRN,Brunei Darussalam,Percent change,,,-0.36,2.206,1.085,3.148,4.759,0.301,3.149,4.477,2.881,-1.475,-0.56,3.053,2.853,2.745,3.872,2.903,0.504,0.388,4.412,0.12,-1.979,-1.819,2.652,3.744,0.913,-2.125,-2.508,-0.405,-2.465,1.327,0.053,3.869,0.104,3.249,3.684,2.295,1.959,1.847,2019
918,BGR,Bulgaria,Percent change,,,2.4,-0.5,-9.1,-10.755,-8.426,-11.625,-3.665,-1.601,-8.043,-14.193,4.285,-8.281,4.782,3.817,5.953,5.152,6.442,7.154,6.802,6.557,6.086,-3.424,0.57,2.351,0.361,0.319,1.895,3.989,3.812,3.507,3.084,3.372,-4,4.1,3.7,3.2,3.1,2.9,2019
748,BFA,Burkina Faso,Percent change,,,5.796,2.15,-0.603,9.07,0.233,3.461,1.315,5.716,11.015,6.317,7.308,7.333,1.888,6.613,4.353,7.802,4.478,8.662,6.253,4.111,5.8,2.962,8.446,6.623,6.453,5.793,4.327,3.921,5.959,6.156,6.821,5.689,-2.033,3.89,5.549,5.558,5.521,5.563,2018
618,BDI,Burundi,Percent change,,,5.031,1.349,3.458,5.781,1.007,-6.236,-3.829,-7.919,-8.001,0.413,4.752,1.164,1.781,1.665,2.353,2.469,3.766,4.37,5.414,3.452,4.862,3.813,5.124,4.033,4.447,5.944,4.318,-3.856,-0.602,0.537,1.64,1.767,-3.244,3.128,2.023,2.143,2.32,2.608,2015
624,CPV,Cabo Verde,Percent change,,,5.997,5.698,0.692,1.403,3.045,7.31,6.93,7.492,6.694,7.639,8.413,11.86,7.267,6.138,5.283,7.502,4.927,5.81,9.118,9.218,6.651,-1.271,1.467,3.969,1.081,0.804,0.611,1.006,4.706,3.702,4.531,5.668,-6.771,4.481,4.78,5.747,6.003,6.199,2018
522,KHM,Cambodia,Percent change,,,9.616,3.327,1.118,7.592,7.069,4.042,8.181,5.979,5.898,4.007,4.682,12.705,9.575,8.561,6.579,8.506,10.341,13.25,10.771,10.213,6.692,0.087,5.963,7.07,7.313,7.357,7.143,7.036,6.863,6.997,7.533,7.045,-2.756,6.752,7.334,7.357,7.366,6.9,2018
622,CMR,Cameroon,Percent change,,,-7.865,-1.77,-6.161,-3.764,-3.05,-3.158,-2.495,3.304,4.912,5.314,4.895,4.062,3.553,4.368,4.237,4.567,6.781,2.021,3.458,4.902,3.489,2.199,3.423,4.129,4.543,5.404,5.884,5.651,4.648,3.549,4.062,3.855,-2.769,3.437,4.303,4.813,5.378,5.421,2019
156,CAN,Canada,Percent change,,,4.41,2.317,0.165,-2.086,0.9,2.661,4.494,2.694,1.619,4.28,3.896,5.163,5.178,1.79,3.018,1.802,3.087,3.204,2.634,2.072,1.004,-2.926,3.09,3.146,1.761,2.329,2.87,0.659,1.001,3.171,2.014,1.656,-7.141,5.176,3.401,2.435,1.831,1.7,2019
626,CAF,Central African Republic,Percent change,,,1.718,3.79,1.364,-0.799,-4.923,-1.198,12.572,3.166,-6.157,4.105,3.34,2.887,-3.581,2.609,2.091,-2.249,-0.096,2.931,4.754,4.031,2.613,2.812,4.631,4.195,5.054,-36.392,0.08,4.338,4.75,4.528,3.82,2.97,-0.956,2.989,5.015,5.01,5.006,4.955,2017
628,TCD,Chad,Percent change,,,7.544,1.952,3.202,10.402,2.392,-2.074,5.494,-0.775,2.115,5.653,6.952,-0.683,-0.88,11.658,8.491,14.722,33.629,8.311,0.648,3.272,3.063,4.139,13.598,0.12,8.807,5.753,6.893,1.77,-5.558,-2.38,2.303,2.96,-0.666,6.091,4.828,3.918,3.785,3.81,2017
228,CHL,Chile,Percent change,,,7.288,10.605,3.671,7.715,11.132,6.722,5.062,8.844,6.872,7.416,4.356,-0.456,5.335,3.301,3.096,4.09,7.202,5.742,6.316,4.912,3.567,-1.588,5.824,6.119,5.332,4.047,1.768,2.3,1.732,1.168,3.952,1.118,-6.001,4.495,3.216,2.945,2.69,2.507,2019
924,CHN,China,Percent change,,,11.2,4.2,3.888,9.3,14.2,13.9,13,10.919,9.9,9.2,7.8,7.7,8.523,8.355,9.147,10.018,10.152,11.365,12.721,14.253,9.65,9.401,10.563,9.5,7.9,7.8,7.3,6.9,6.849,6.947,6.75,6.11,1.851,8.237,5.798,5.733,5.646,5.494,2019
233,COL,Colombia,Percent change,,,4.064,3.414,4.282,2.372,4.353,5.71,5.147,5.202,2.056,3.43,0.57,-4.204,2.925,1.678,2.504,3.918,5.333,4.707,6.717,6.738,3.283,1.139,4.495,6.948,3.913,5.134,4.499,2.956,2.087,1.359,2.515,3.26,-8.182,4.04,3.65,3.846,3.846,3.746,2019
632,COM,Comoros,Percent change,,,5.068,-0.816,7.363,-6.156,7.382,2.511,-4.007,5.63,-0.525,4.402,0.014,2.724,-0.967,5.444,4.616,1.971,3.1,5.745,-1.829,0.804,3.965,3.241,3.778,4.144,3.168,4.466,2.107,1.299,3.457,4.177,3.639,1.866,-1.818,2.9,3.812,3.999,4.044,4.177,2018
636,COD,Democratic Republic of the Congo,Percent change,,,0.465,-1.26,-6.568,-8.445,-10.462,-13.468,-6.144,2.762,-1.935,-7.84,-3.875,-3.802,-8.136,-2.1,2.948,5.578,6.738,6.135,5.321,6.259,6.226,2.855,7.108,6.875,7.087,8.482,9.47,6.916,2.399,3.727,5.816,4.38,-2.15,3.583,4.461,4.313,4.778,4.265,2019
634,COG,Republic of Congo,Percent change,,,21.908,21.269,1.003,3.402,4.181,1.316,-1.401,3.965,3.495,-1.004,8.95,-3.678,11.752,-4.823,0.985,0.459,-0.197,9.211,7.986,-6.614,6.306,11.637,9.931,2.206,9.947,-0.712,6.717,-3.551,-10.702,-4.374,-6.427,-0.622,-6.996,-0.823,1.947,2.611,1.609,2.325,2018
238,CRI,Costa Rica,Percent change,,,3.432,5.666,3.6,2.263,9.197,7.088,4.487,4.121,1.238,5.565,6.962,3.943,3.833,3.49,3.292,4.255,4.337,3.871,7.238,8.168,4.65,-0.971,4.952,4.307,4.797,2.269,3.515,3.632,4.246,3.86,2.66,2.084,-5.497,2.296,3.398,3,3.1,3.2,2019
662,CIV,Côte d'Ivoire,Percent change,,,1.14,2.95,-1.09,0.04,-0.25,-0.18,0.171,5.572,8.136,5.723,4.931,1.618,-2.068,0.121,-1.668,-1.36,1.232,1.721,1.516,1.765,2.543,3.251,2.018,-4.857,10.864,9.272,8.794,8.843,7.179,7.36,6.793,6.517,1.8,6.2,6.47,6.53,6.496,6.497,2017
960,HRV,Croatia,Percent change,,,n/a,n/a,n/a,n/a,n/a,-8,5.9,6.634,5.874,6.645,1.862,-0.936,3.749,3.347,5.116,5.64,4.16,4.314,5.001,5.266,1.76,-7.36,-1.496,-0.31,-2.238,-0.548,-0.104,2.437,3.484,3.139,2.695,2.936,-9,6,4.38,3.5,3.1,3,2019
423,CYP,Cyprus,Percent change,,,8.317,8.088,7.402,0.74,9.365,0.701,5.899,9.924,1.245,2.641,6.112,4.999,5.965,3.952,3.722,2.624,5.025,4.854,4.714,5.097,3.647,-2.016,2.015,0.402,-3.448,-6.551,-1.865,3.375,6.747,4.361,4.057,3.23,-6.438,4.744,3.63,3.529,2.672,2.511,2019
935,CZE,Czech Republic,Percent change,,,n/a,n/a,n/a,n/a,n/a,n/a,n/a,n/a,4.525,-0.518,-0.357,1.384,4.001,3.043,1.57,3.584,4.814,6.602,6.767,5.57,2.686,-4.657,2.435,1.76,-0.785,-0.046,2.262,5.388,2.537,5.169,3.181,2.335,-6.499,5.117,4.304,3.964,3.038,2.515,2019
128,DNK,Denmark,Percent change,,,-0.008,0.642,1.473,1.397,1.959,0.008,5.329,3.029,2.905,3.26,2.213,2.948,3.749,0.823,0.467,0.388,2.668,2.342,3.912,0.908,-0.511,-4.905,1.868,1.336,0.229,0.935,1.616,2.343,3.248,2.037,2.389,2.348,-4.5,3.5,2.5,2.04,1.74,1.7,2019
611,DJI,Djibouti,Percent change,,,n/a,n/a,n/a,n/a,0.562,-6.751,-1.36,-3.481,-3.732,-1.216,0.114,2.919,0.713,1.793,3.234,3.186,2.779,3.111,4.825,5.017,5.806,1.616,4.147,7.293,4.842,5.001,7.062,7.696,6.653,5.403,8.408,7.498,-1,7,6.5,6.5,6,6,2018
321,DMA,Dominica,Percent change,,,7.817,-0.191,5.419,1.346,2.03,2.162,0.034,3.03,3.105,2.185,3.774,0.355,2.34,-0.063,-2.829,6.353,3.051,0.656,4.659,6.354,7.121,-1.17,0.673,-0.224,-1.059,-0.608,4.389,-2.551,2.522,-9.53,0.533,8.386,-8.782,3.269,3.224,3.031,1.753,1.5,2018
243,DOM,Dominican Republic,Percent change,,,2.156,4.401,-5.454,0.945,11.221,7.365,2.6,5.685,5.978,8.885,6.714,5.94,4.662,2.46,4.495,-1.346,2.57,9.428,9.174,7.416,3.21,0.946,8.34,3.133,2.717,4.875,7.05,6.927,6.659,4.667,6.983,5.052,-5.987,3.996,4.973,5.031,4.964,5.036,2018
248,ECU,Ecuador,Percent change,,,10.486,0.285,3.008,5.113,3.614,2,4.258,2.253,1.732,4.328,3.267,-4.739,1.092,4.016,4.097,2.723,8.211,5.291,4.404,2.19,6.357,0.566,3.525,7.868,5.642,4.947,3.789,0.099,-1.226,2.368,1.289,0.054,-11.002,4.76,1.279,1.719,2.027,2.285,2019
469,EGY,Egypt,Percent change,,,3.994,2.993,2.35,2.1,0.3,2.9,4.188,4.484,4.879,5.919,7.543,6.11,5.383,3.524,3.186,3.193,4.092,4.472,6.844,7.088,7.156,4.674,5.147,1.765,2.226,3.302,2.916,4.372,4.347,4.077,5.314,5.558,3.547,2.755,4.962,5.29,5.294,5.567,2019
253,SLV,El Salvador,Percent change,,,1.878,0.962,4.831,1.494,7.018,5.819,4.69,4.735,0.818,3.135,2.654,2.161,1.126,0.877,1.581,1.562,0.891,2.707,4.343,1.861,2.127,-2.083,2.106,3.812,2.814,2.239,1.71,2.395,2.542,2.253,2.43,2.385,-8.982,4.043,3.2,2.8,2.54,2.245,2019
642,GNQ,Equatorial Guinea,Percent change,,,2.655,-1.229,2.537,-1.245,33.002,10.461,16.808,26.51,52.678,147.973,24.815,26.395,110.505,60.023,19.621,14.455,30.391,8.21,6.501,15.282,17.799,1.343,-8.924,6.524,8.313,-4.133,0.415,-9.11,-8.817,-5.667,-5.801,-6.1,-6.017,2.196,-4.7,-1.342,-1.628,-2.189,2017
643,ERI,Eritrea,Percent change,,,n/a,n/a,n/a,n/a,n/a,12.882,20.918,2.325,9.136,7.9,1.966,0.187,-12.355,8.755,3.005,-2.656,1.452,2.574,-0.969,1.427,-19.436,12.179,10.853,25.71,1.886,-10.456,30.934,-20.621,7.391,-10.015,13.032,3.836,-0.627,5.738,3.743,3.888,3.917,3.949,2018
939,EST,Estonia,Percent change,,,n/a,n/a,n/a,n/a,n/a,n/a,-1.642,2.155,4.936,13.046,4.33,-0.403,10.106,5.98,6.802,7.567,6.767,9.49,9.719,7.574,-5.089,-14.434,2.69,7.444,3.125,1.346,2.987,1.845,3.188,5.499,4.355,4.996,-5.2,4.5,3.7,3.2,3,3,2019
734,SWZ,Eswatini,Percent change,,,7.571,9.408,9.859,1.76,3.227,3.106,2.401,4.826,3.842,3.103,2.604,2.951,1.76,1.055,4.38,3.88,3.624,5.999,5.992,4.435,0.822,1.565,3.794,2.247,5.391,3.862,0.913,2.312,1.268,2.025,2.351,1.146,-3.465,1.436,0.796,0.975,1.905,2.093,2018
644,ETH,Ethiopia,Percent change,,,0.574,-0.457,2.602,-7.218,-8.907,13.363,3.486,6.121,13.533,2.84,-4.185,6.294,9.838,7.4,1.6,-2.1,11.7,12.6,11.5,11.8,11.2,10,10.6,11.4,8.7,9.9,10.3,10.4,8,10.21,7.703,8.967,1.946,-0.023,8.918,8.832,8.618,7.964,2019
819,FJI,Fiji,Percent change,,,3.462,13.888,5.802,-2.7,6.1,2.6,5.1,2.6,4.8,-2.4,1.3,8.7,-1.7,1.9,3.2,0.8,5.4,-1.3,1.9,-0.9,1,-1.4,3,2.7,1.411,4.734,5.604,4.664,2.51,5.426,3.526,-1.3,-21,11.5,8.5,5,4,2.2,2018
172,FIN,Finland,Percent change,,,5.211,5.087,0.211,-5.886,-3.294,-0.662,3.964,4.217,3.667,6.334,5.457,4.38,5.773,2.61,1.707,2.004,3.992,2.78,4.028,5.299,0.784,-8.075,3.186,2.548,-1.397,-0.902,-0.365,0.544,2.76,3.27,1.516,1.147,-3.979,3.572,2.004,1.751,1.287,1.27,2019
132,FRA,France,Percent change,,,4.743,4.344,2.924,1.048,1.599,-0.629,2.358,2.107,1.413,2.336,3.589,3.421,3.924,1.984,1.136,0.823,2.83,1.663,2.449,2.425,0.255,-2.873,1.949,2.193,0.313,0.576,0.956,1.113,1.095,2.291,1.793,1.509,-9.757,6.026,2.862,2.292,1.925,1.678,2019
646,GAB,Gabon,Percent change,,,3.5,15.431,5.147,6.124,-3.087,3.947,3.713,4.974,3.625,5.738,3.478,-8.943,-1.883,2.15,0.187,1.701,1.12,-0.786,-1.908,6.333,1.733,-2.279,6.27,7.092,5.251,5.517,4.435,3.879,2.091,0.473,1.006,3.777,-2.67,2.137,3.895,4.178,4.513,4.496,2019
648,GMB,The Gambia,Percent change,,,1.702,4.331,5.696,2.163,1.763,3.833,-3.398,3.32,2.906,1.417,6.5,6.399,5.525,5.753,-3.247,6.874,7.046,-2.352,-0.556,3.043,6.256,6.666,5.908,-8.13,5.242,2.873,-1.407,4.058,1.943,4.823,7.235,6.057,-1.8,6,6.8,7,6.5,5.8,2018
915,GEO,Georgia,Percent change,,,n/a,n/a,n/a,n/a,n/a,n/a,n/a,2.6,10.5,10.519,3.105,2.869,1.838,4.805,5.474,11.058,5.794,9.59,9.42,12.579,2.419,-3.651,6.249,7.358,6.369,3.621,4.431,3.023,2.906,4.842,4.843,5.148,-5,4.985,6,5.8,5.501,5.2,2019
134,DEU,Germany,Percent change,,,3.736,3.913,5.723,5.011,1.92,-0.977,2.399,1.541,0.816,1.785,2.02,1.887,2.904,1.687,-0.201,-0.703,1.184,0.726,3.814,2.982,0.959,-5.696,4.185,3.914,0.427,0.432,2.217,1.487,2.23,2.604,1.268,0.555,-5.983,4.184,3.063,1.79,1.328,1.198,2019
652,GHA,Ghana,Percent change,,,6.579,4.523,3.591,4.805,4.374,4.748,3.519,4.214,4.745,5.821,4.996,4.532,3.624,3.808,4.625,5.096,5.364,6.214,5.835,4.125,8.966,5.546,7.755,14.198,8.504,7.189,2.898,2.178,3.448,8.144,6.264,6.478,0.927,4.197,4.143,7.353,4.584,4.452,2018
174,GRC,Greece,Percent change,,,4.288,3.799,--,3.102,0.697,-1.599,2,2.1,2.862,4.484,3.895,3.072,3.92,4.132,3.923,5.795,5.061,0.599,5.652,3.274,-0.335,-4.301,-5.478,-9.132,-7.3,-3.242,0.74,-0.438,-0.191,1.505,1.934,1.87,-9.504,4.117,5.579,3.742,2.433,1.011,2019
328,GRD,Grenada,Percent change,,,2.916,3.758,4.241,1.423,-0.813,-1.956,1.838,2.196,4.386,4.916,11.808,6.981,5.063,-2.024,3.438,9.464,-0.647,13.273,-3.993,6.124,0.948,-6.613,-0.511,0.765,-1.155,2.351,7.342,6.445,3.74,4.439,4.141,2.992,-11.779,3.049,5.126,5.037,3.381,2.735,2019
258,GTM,Guatemala,Percent change,,,3.892,3.943,3.101,3,4.6,3.4,3.5,4.4,2.8,4.1,4.6,3.7,2.5,2.4,4.244,2.617,2.969,3.065,5.575,6.049,3.662,0.632,2.806,4.445,3.148,3.485,4.444,4.092,2.678,3.023,3.215,3.846,-2,3.951,3.751,3.5,3.251,3.251,2019
656,GIN,Guinea,Percent change,,,6.308,4.003,4.324,2.497,3.273,5.048,4.001,4.68,4.462,5.182,3.644,3.812,2.503,3.658,5.165,1.249,2.34,2.997,2.497,6.512,4.142,-1.538,4.219,5.614,5.915,3.934,3.708,3.813,10.828,10.338,6.181,5.645,1.449,6.647,7.01,5.23,5.002,4.962,2018
654,GNB,Guinea-Bissau,Percent change,,,1.958,2.925,4.58,7.305,3.095,2.276,2.963,4.016,3.747,5.994,-22.446,16.815,1.1,4.786,3.654,-0.286,1.172,6.56,2.667,2.56,4.525,2.448,5.605,8.085,-1.713,3.256,0.965,6.134,5.307,4.789,3.358,4.5,-2.9,3,4,5,5,5,2018
336,GUY,Guyana,Percent change,,,-5.981,-4.944,-3.01,6.026,7.758,8.201,8.482,5.055,7.956,6.185,-1.707,2.986,-1.345,2.26,1.149,-0.652,1.566,-1.942,5.127,7.02,1.977,3.319,4.371,5.437,5.039,3.653,1.686,0.687,3.807,3.734,4.441,5.353,26.205,8.12,29.491,22.284,2.127,1.143,2019
263,HTI,Haiti,Percent change,,,0.559,-1.131,-0.44,1.262,-2.251,-4.922,-11.603,9.892,4.143,2.705,2.182,2.71,0.87,-1.044,-0.251,0.364,-3.523,1.805,2.249,3.343,0.844,3.083,-5.498,5.524,2.885,4.241,2.803,1.211,1.453,1.173,1.484,-1.197,-4,1.2,1,1.1,1.2,1.4,2018
268,HND,Honduras,Percent change,,,4.61,4.326,0.097,3.252,5.624,6.23,-1.303,4.08,3.578,4.994,2.902,-0.736,7.291,2.723,3.754,4.547,6.232,6.051,6.567,6.188,4.232,-2.432,3.731,3.836,4.129,2.792,3.058,3.84,3.893,4.843,3.697,2.651,-6.55,4.94,3.3,3.465,3.64,3.74,2019
532,HKG,Hong Kong SAR,Percent change,,,8.512,2.277,3.831,5.702,6.235,6.201,6.036,2.374,4.259,5.1,-5.883,2.507,7.664,0.561,1.657,3.056,8.7,7.388,7.033,6.465,2.128,-2.459,6.768,4.815,1.7,3.102,2.762,2.388,2.169,3.791,2.847,-1.249,-7.465,3.667,3.398,2.789,2.781,2.886,2019
944,HUN,Hungary,Percent change,,,-0.065,0.736,-3.497,-11.892,-3.064,-0.576,2.947,2.541,0.082,3.143,3.9,3.071,4.479,4.074,4.741,4.085,4.823,4.244,4.031,0.242,1.058,-6.7,0.664,1.819,-1.472,1.963,4.195,3.846,2.2,4.323,5.094,4.928,-6.1,3.9,4,3.8,3.2,2.6,2019
176,ISL,Iceland,Percent change,,,-0.09,0.258,1.169,-0.224,-3.374,1.313,3.609,0.117,4.785,4.945,7.095,4.043,4.892,3.899,0.681,2.268,8.042,6.33,5.249,9.365,1.992,-6.777,-3.436,1.882,1.296,4.134,2.083,4.749,6.627,4.518,3.859,1.942,-7.154,4.107,2.723,1.658,1.808,1.82,2018
534,IND,India,Percent change,,,9.628,5.947,5.534,1.057,5.482,4.75,6.659,7.575,7.55,4.05,6.184,8.463,3.975,4.944,3.907,7.944,7.849,9.285,9.264,9.801,3.891,8.48,10.26,6.638,5.456,6.386,7.41,7.996,8.256,7.044,6.12,4.181,-10.289,8.804,7.986,7.632,7.411,7.182,2020
536,IDN,Indonesia,Percent change,,,6.979,9.085,9.002,8.928,6.523,7.956,7.54,8.22,7.818,4.7,-13.127,0.791,4.979,3.643,4.499,4.78,5.031,5.693,5.501,6.345,7.442,4.702,6.378,6.17,6.03,5.557,5.007,4.876,5.033,5.07,5.17,5.025,-1.498,6.111,5.294,5.205,5.066,5.073,2019
429,IRN,Islamic Republic of Iran,Percent change,,,-9.493,5.205,18.08,10.774,2.107,1.257,-1.489,1.023,6.215,-0.55,1.91,0.309,6.867,0.806,10.253,9.226,3.988,5.144,5.319,6.73,-0.075,0.005,5.727,3.062,-7.714,-0.325,3.215,-1.586,12.518,3.732,-5.419,-6.51,-4.99,3.155,1.531,1.537,1.144,1.151,2020
433,IRQ,Iraq,Percent change,,,n/a,n/a,n/a,n/a,n/a,n/a,n/a,n/a,n/a,n/a,n/a,24.752,-4.341,-6.569,-7.797,81.787,53.386,1.675,5.638,1.889,8.228,3.379,6.403,7.546,13.936,7.628,0.738,2.537,15.199,-2.495,-0.106,4.426,-12.063,2.529,3.125,5.061,1.367,0.931,2019
178,IRL,Ireland,Percent change,,,2.998,5.614,7.711,1.642,3.579,2.314,5.894,9.593,9.092,10.747,8.817,10.014,8.285,6.064,5.796,3.685,6.433,5.514,5.018,5.563,-4.588,-5.024,1.484,0.288,-0.005,1.619,8.507,25.381,1.709,9.407,9.289,5.879,-3.004,4.943,4.271,3.54,2.829,2.645,2019
436,ISR,Israel,Percent change,,,3.564,1.419,6.633,4.618,7.155,3.771,7.011,9.654,5.015,4.058,4.224,3.622,8.845,0.158,-0.176,1.104,4.897,4.144,5.778,6.063,3.334,1.025,5.576,4.879,2.341,4.31,3.937,2.25,3.826,3.582,3.482,3.446,-5.885,4.869,4.601,4.479,4.217,4.028,2019
136,ITA,Italy,Percent change,,,4.029,3.252,1.982,1.439,0.723,-0.835,2.074,2.683,1.267,1.83,1.811,1.626,3.787,1.951,0.254,0.139,1.424,0.818,1.791,1.487,-0.962,-5.281,1.713,0.707,-2.981,-1.841,-0.005,0.778,1.293,1.668,0.798,0.301,-10.645,5.24,2.63,1.697,0.912,0.883,2019
343,JAM,Jamaica,Percent change,,,-3.993,4.7,4.875,0.834,2.778,2.211,1.875,2.521,0.236,-1.641,-1.21,0.981,0.776,1.281,0.675,3.667,1.324,0.894,2.899,1.444,-0.818,-3.411,-1.435,1.426,-0.501,0.206,0.576,0.871,1.499,0.687,1.886,0.899,-8.564,3.635,3.768,2.938,2.497,2.092,2019
158,JPN,Japan,Percent change,,,6.785,4.858,4.893,3.417,0.848,-0.518,0.993,2.742,3.1,1.076,-1.128,-0.252,2.78,0.406,0.118,1.528,2.205,1.663,1.42,1.654,-1.094,-5.416,4.192,-0.115,1.495,2,0.375,1.223,0.522,2.168,0.276,0.671,-5.273,2.321,1.66,1.233,0.957,0.563,2019
439,JOR,Jordan,Percent change,,,2.083,-11.348,1.063,2.437,13.28,3.137,5.047,6.439,0.665,4.274,3.27,2.826,4.267,4.85,7,3.915,8.119,8.415,8.878,7.998,6.944,5.024,2.315,2.737,2.429,2.61,3.384,2.497,1.994,2.088,1.934,1.955,-5.001,3.402,2.905,2.999,3.266,3.3,2019
916,KAZ,Kazakhstan,Percent change,,,n/a,n/a,n/a,n/a,n/a,-9.2,-12.58,-8.2,0.5,1.7,-1.9,2.7,9.8,13.5,9.8,9.3,9.6,9.7,10.7,8.9,3.3,1.2,7.3,7.4,4.8,6,4.2,1.2,1.1,4.1,4.1,4.5,-2.694,3.029,4.271,5.721,3.134,3.149,2019
664,KEN,Kenya,Percent change,,,6.091,4.554,4.134,1.339,-1.08,-0.095,2.531,4.287,4.148,0.411,2.983,2.199,0.347,3.979,0.481,2.949,4.635,5.665,5.854,6.851,0.232,3.307,8.402,6.112,4.563,5.879,5.357,5.718,5.879,4.806,6.318,5.366,1.048,4.668,6.038,5.797,5.759,5.784,2019
826,KIR,Kiribati,Percent change,,,9.149,-3.101,-1.331,0.134,1.307,1.046,1.754,-0.084,1.141,1.965,6.85,-1.771,5.956,-1.418,3.962,2.006,-1.629,4.952,-0.049,2.035,-2.092,0.803,-0.924,1.595,4.713,4.215,-0.698,10.405,5.13,0.897,2.313,2.297,-1.1,2.954,1.898,1.906,1.788,1.758,2017
542,KOR,Korea,Percent change,,,11.988,7.073,9.878,10.778,6.199,6.877,9.269,9.615,7.891,6.171,-5.129,11.467,9.061,4.852,7.725,3.147,5.197,4.309,5.264,5.8,3.013,0.793,6.805,3.686,2.403,3.165,3.202,2.809,2.947,3.16,2.907,2.039,-1.878,2.871,3.114,2.898,2.639,2.448,2019
967,UVK,Kosovo,Percent change,,,n/a,n/a,n/a,n/a,n/a,n/a,n/a,n/a,n/a,n/a,n/a,n/a,n/a,11.063,-0.166,5.717,2.853,3.833,3.408,8.301,4.489,3.597,3.309,4.377,2.81,3.442,1.222,4.103,4.063,4.226,3.816,4,-7.5,6,3.7,3.8,3.9,4,2019
443,KWT,Kuwait,Percent change,,,-10.05,25.896,-26.229,-41.008,82.809,35.132,8.616,1.669,0.598,2.493,3.654,-1.789,4.691,0.209,3.014,17.337,10.762,10.076,7.52,5.992,2.48,-7.076,-2.371,9.628,6.625,1.151,0.499,0.593,2.926,-4.71,1.246,0.426,-8.077,0.648,3.23,2.421,2.431,2.44,2019
917,KGZ,Kyrgyz Republic,Percent change,,,n/a,n/a,n/a,n/a,n/a,-13.005,-19.807,-5.424,7.085,9.915,2.122,3.656,5.443,5.322,-0.017,7.03,7.027,-0.176,3.103,8.543,7.566,2.886,-0.472,5.956,-0.088,10.915,4.024,3.876,4.336,4.74,3.459,4.468,-12.023,9.763,7.902,6.448,4.105,4.136,2019
544,LAO,Lao P.D.R.,Percent change,,,-2.1,9.893,6.686,3.999,6.999,5.867,8.16,7.045,6.892,6.907,4.279,4.028,6.429,4.772,6.809,6.179,7.187,6.94,8.954,7.851,7.822,7.373,8.018,7.986,7.805,8.026,7.612,7.27,7.023,6.832,6.308,5.169,0.203,4.769,5.649,5.84,5.817,6.076,2018
941,LVA,Latvia,Percent change,,,n/a,n/a,n/a,n/a,n/a,-11.4,2.2,-2.084,2.546,8.939,6.365,2.828,5.595,6.319,7.116,8.436,8.341,10.743,11.888,10.011,-3.346,-14.238,-4.473,6.285,4.134,2.328,1.915,3.261,1.774,3.787,4.285,2.197,-6,5.2,5.051,4.905,3.482,2.998,2019
446,LBN,Lebanon,Percent change,,,-28.209,-42.195,-13.421,38.2,4.495,7,8.03,6.493,4.038,10.19,3.9,-0.8,1.1,3.9,3.4,1.7,7.5,2.748,1.55,9.311,9.069,10.232,7.975,0.867,2.541,3.811,2.461,0.212,1.53,0.851,-1.926,-6.9,-25,n/a,n/a,n/a,n/a,n/a,2018
666,LSO,Lesotho,Percent change,,,7.738,5.52,5.191,4.767,6.222,3.847,4.475,2.814,4.921,3.482,1.404,1.59,4.904,3.276,1.576,4.071,2.398,3.112,4.417,4.993,8.359,3.21,6.374,5.716,6.073,3.851,2.824,3.261,3.395,-0.973,0.381,0.957,-4.798,3.863,4.304,3.663,1.682,2.113,2018
668,LBR,Liberia,Percent change,,,n/a,n/a,n/a,n/a,n/a,n/a,n/a,n/a,n/a,n/a,n/a,n/a,n/a,2.758,4.431,-28.974,3.971,5.856,8.48,13.103,6.105,5.192,6.351,7.7,8.42,8.836,0.695,0.007,-1.63,2.469,1.242,-2.516,-3.006,3.241,4.096,4.879,5.31,5.392,2018
672,LBY,Libya,Percent change,,,7.579,7.199,3.72,15.655,-2.712,-3.763,1.935,-12.397,2.633,-0.607,-0.377,0.462,3.681,-1.764,-0.959,13.016,4.461,11.87,6.5,6.354,-18.121,-2.988,3.176,-66.657,124.709,-36.829,-53.017,-13.023,-7.389,64.014,17.879,9.89,-66.652,76.021,54.941,9.107,0.298,0.3,2017
946,LTU,Lithuania,Percent change,,,n/a,n/a,n/a,n/a,n/a,n/a,n/a,n/a,5.239,8.293,7.467,-1.135,3.832,6.523,6.761,10.539,6.55,7.727,7.406,11.087,2.628,-14.814,1.482,6.025,3.834,3.558,3.508,2.033,2.556,4.248,3.644,3.93,-1.84,4.064,3.743,3.199,2.338,2.218,2019
137,LUX,Luxembourg,Percent change,,,8.464,9.798,5.32,8.645,1.819,4.201,3.821,1.432,1.515,5.937,6.492,8.421,8.442,2.532,3.82,1.629,3.612,3.173,5.178,8.355,-1.279,-4.359,4.865,2.539,-0.352,3.654,4.297,4.305,4.575,1.801,3.111,2.297,-5.8,5.856,3.75,3.143,2.5,2.451,2019
546,MAC,Macao SAR,Percent change,,,n/a,n/a,n/a,n/a,n/a,n/a,n/a,n/a,n/a,n/a,n/a,n/a,n/a,n/a,8.947,11.654,26.756,8.06,13.314,14.448,3.394,1.321,25.264,21.673,9.237,11.2,-1.201,-21.594,-0.718,9.887,5.443,-4.711,-52.276,23.862,30.002,25.074,8.237,6.024,2019
674,MDG,Madagascar,Percent change,,,3.407,4.075,3.129,-6.306,1.181,2.1,-0.042,1.679,2.154,3.693,3.917,4.699,4.457,5.98,-12.408,9.785,5.257,4.756,5.399,5.711,6.713,-3.979,0.619,1.578,3.011,2.3,3.339,3.132,3.993,3.933,4.565,4.758,-3.163,3.163,4.767,5.281,5.191,4.96,2018
676,MWI,Malawi,Percent change,,,3.177,1.345,5.692,8.73,-7.333,9.692,-10.313,13.83,9.979,6.587,1.061,3.541,0.775,-4.076,1.76,5.706,5.42,3.269,4.7,9.6,7.64,8.328,6.874,4.854,1.886,5.2,5.7,2.95,2.27,4,3.17,4.5,0.6,2.5,6.5,6.5,6.3,6.25,2011
548,MYS,Malaysia,Percent change,,,9.938,9.06,9.007,9.547,8.886,9.896,9.211,9.83,10.002,7.327,-7.359,6.131,8.671,0.518,5.391,5.789,6.783,4.976,5.584,6.299,4.832,-1.514,7.528,5.293,5.474,4.694,6.007,5.007,4.45,5.813,4.77,4.303,-6,7.8,6,5.7,5.3,5,2019
556,MDV,Maldives,Percent change,,,8.722,9.292,-4.049,6.896,6.467,5.417,7.505,7.377,9.084,10.405,9.789,7.23,4.77,3.452,6.098,25.394,6.031,-13.129,26.112,7.714,9.485,-7.229,7.267,8.567,2.517,7.281,7.33,2.885,6.338,6.804,6.889,5.657,-18.562,12.696,10.988,7.538,6.686,5.943,2019
678,MLI,Mali,Percent change,,,0.054,10.692,9.31,7.68,-1.562,3.561,3.802,2.997,7.281,4.797,2.926,6.245,-0.061,15.376,3.106,9.119,1.56,6.535,4.662,3.494,4.773,4.806,5.313,2.656,-0.703,2.201,6.775,6.622,5.946,5.038,5.177,5.056,-1.983,4,6,5,5,5,2018
181,MLT,Malta,Percent change,,,n/a,n/a,n/a,n/a,n/a,n/a,n/a,n/a,n/a,n/a,n/a,n/a,n/a,-1.175,2.565,4.074,0.14,3.384,2.51,4.775,3.826,-1.134,5.544,0.467,4.118,5.473,7.634,9.608,3.891,8.015,5.179,4.92,-7.917,4.804,5.547,4.618,4.546,4.515,2019
867,MHL,Marshall Islands,Percent change,,,n/a,n/a,n/a,n/a,n/a,n/a,n/a,n/a,n/a,n/a,-0.819,-1.255,1.354,6.826,3.741,-1.616,0.949,2.285,0.668,2.769,-6.753,1.444,7.555,-0.756,-2.37,3.718,-0.94,1.591,1.307,4.057,3.625,5.309,-4.5,-0.9,3.5,2.3,2,1.8,2018
682,MRT,Mauritania,Percent change,,,n/a,n/a,n/a,--,1.772,5.874,-3.061,9.82,5.819,-4.045,2.778,7.713,-3.918,-0.799,1.381,6.928,4.733,8.566,18.333,-1.969,-0.331,0.098,2.62,4.173,4.47,4.151,4.275,5.376,1.261,3.497,2.115,5.861,-3.229,2.031,4.167,6.076,5.229,4.284,2018
684,MUS,Mauritius,Percent change,,,6.791,4.465,7.187,4.435,6.513,5.082,4.136,4.288,5.588,5.687,6.072,2.611,8.192,3.214,1.627,5.984,4.299,1.453,4.514,5.727,5.387,3.315,4.377,4.077,3.496,3.36,3.745,3.553,3.838,3.814,3.76,3.015,-14.2,9.9,6.5,4.2,3.5,3.3,2018
273,MEX,Mexico,Percent change,,,1.283,4.106,5.176,4.215,3.541,2.738,4.941,-6.291,6.773,6.847,5.164,2.754,4.942,-0.404,-0.04,1.446,3.921,2.308,4.495,2.291,1.144,-5.286,5.118,3.663,3.642,1.354,2.85,3.293,2.631,2.113,2.202,-0.304,-8.954,3.53,2.258,2.152,2.1,2.115,2019
868,FSM,Micronesia,Percent change,,,n/a,n/a,n/a,n/a,n/a,n/a,n/a,n/a,-3.087,-6.061,2.746,1.527,4.86,2.089,0.613,1.606,-3.137,2.058,-0.115,-1.939,-2.194,1.031,2.259,3.189,-1.867,-3.68,-2.306,4.622,0.9,2.682,0.212,1.2,-3.778,1.187,0.6,0.6,0.6,0.6,2018
921,MDA,Moldova,Percent change,,,n/a,n/a,n/a,n/a,n/a,-1.2,-30.9,-1.428,-5.9,1.6,-6.5,-3.4,2.1,6.1,7.8,6.6,7.4,7.5,4.8,3,7.8,-6,7.1,5.818,-0.59,9.044,5,-0.338,4.409,4.691,4.002,3.58,-4.5,4.1,4,4.2,4.2,4.2,2019
948,MNG,Mongolia,Percent change,,,5.146,4.183,-2.486,-9.199,-9.256,-3.169,2.134,6.376,2.235,3.897,3.34,3.07,1.146,4.639,5.267,7.357,9.425,6.507,8.163,8.757,7.819,-2.069,7.313,17.291,12.32,11.649,7.885,2.38,1.168,5.337,7.247,5.099,-2,6,5.5,5,5,4.5,2019
943,MNE,Montenegro,Percent change,,,n/a,n/a,n/a,n/a,n/a,n/a,n/a,n/a,n/a,n/a,n/a,n/a,n/a,1.1,1.9,2.5,4.4,4.2,8.6,6.8,7.2,-5.8,2.7,3.2,-2.724,3.549,1.784,3.39,2.949,4.716,5.078,3.594,-12.002,5.5,4.2,3.1,3,3,2019
686,MAR,Morocco,Percent change,,,10.415,2.366,4.035,7.216,-2.098,-0.741,10.588,-5.405,12.373,-1.561,7.239,1.081,1.913,7.32,3.121,5.961,4.797,3.292,7.575,3.532,5.923,4.244,3.816,5.246,3.01,4.535,2.669,4.55,1.047,4.235,2.99,2.203,-6.971,4.922,3.545,3.65,3.683,3.74,2019
688,MOZ,Mozambique,Percent change,,,8.2,6.5,1,6.552,-6.102,10.589,6.536,2.254,11.205,11.3,9.927,11.702,1.189,12.09,9.29,6.926,7.93,6.638,9.702,7.732,7.289,6.314,6.488,7.404,7.258,6.964,7.399,6.723,3.824,3.741,3.444,2.284,-0.5,2.1,4.7,8.623,11.015,11.212,2019
518,MMR,Myanmar,Percent change,,,n/a,n/a,n/a,n/a,n/a,n/a,n/a,n/a,n/a,n/a,n/a,8.432,12.418,12.468,9.928,13.196,15.318,13.567,13.307,12.5,7.558,4.385,5.247,5.471,6.486,7.899,8.2,7.473,6.408,5.75,6.405,6.5,1.994,5.652,6.224,6.382,6.462,6.502,2019
728,NAM,Namibia,Percent change,,,n/a,n/a,n/a,5.343,9.27,-1.62,3.005,4.115,3.196,4.216,3.291,3.366,3.497,2.393,6.68,3.477,6.632,4.67,3.948,3.646,2.65,0.296,6.039,5.091,5.062,5.615,5.758,4.527,-0.281,-0.256,0.698,-0.954,-5.855,3.435,3.595,3.173,2.659,2.659,2019
836,NRU,Nauru,Percent change,,,n/a,n/a,n/a,n/a,n/a,n/a,n/a,n/a,n/a,n/a,n/a,n/a,n/a,n/a,n/a,n/a,n/a,-0.356,8.329,-22.185,20.381,9.086,11.113,10.778,10.367,30.969,27.229,3.418,3.02,-5.496,5.703,0.959,0.706,1.25,0.898,0.779,0.552,0.549,2019
558,NPL,Nepal,Percent change,,,7.697,4.328,4.635,6.366,4.108,3.847,8.219,3.468,5.338,5.261,2.943,4.483,6.116,5.629,0.12,3.945,4.683,3.479,3.365,3.412,6.105,4.533,4.816,3.422,4.781,4.129,5.989,3.323,0.589,8.223,6.658,7.051,0.02,2.494,5.971,5.233,5.042,5.019,2019
138,NLD,Netherlands,Percent change,,,4.585,4.481,4.178,2.451,1.589,1.264,3.009,2.773,3.494,4.328,4.668,5.032,4.199,2.328,0.217,0.158,1.983,2.047,3.462,3.772,2.172,-3.667,1.341,1.55,-1.031,-0.127,1.424,1.958,2.192,2.911,2.361,1.677,-5.4,4.047,2.016,1.677,1.536,1.538,2019
196,NZL,New Zealand,Percent change,,,0.555,1.497,1.055,-2.159,0.871,4.876,6.669,4.334,3.728,3.017,0.758,4.468,4.118,2.2,5.116,4.574,4.435,2.563,2.741,3.956,-0.403,0.333,2.037,1.903,2.53,2.203,3.189,4.114,4.195,3.799,3.213,2.221,-6.066,4.356,2.6,2.553,2.491,2.478,2019
278,NIC,Nicaragua,Percent change,,,-12.4,-1.694,-0.132,-0.154,0.4,-0.4,5,5.912,6.344,3.967,3.712,7.036,4.102,2.961,0.754,2.521,5.312,4.282,3.805,5.076,3.436,-3.293,4.41,6.317,6.496,4.927,4.785,4.792,4.563,4.631,-3.95,-3.879,-5.54,-0.5,2.7,2,1.8,2.1,2019
692,NER,Niger,Percent change,,,6.871,0.957,-1.308,-0.439,2.001,0.322,1.855,2.457,0.101,1.527,9.973,-0.22,-1.208,7.268,4.918,2.171,0.364,7.332,5.931,3.143,7.731,1.963,8.578,2.358,10.549,5.315,6.642,4.393,5.709,4.999,7.219,5.903,0.499,6.912,12.841,11.369,6.575,6.016,2019
694,NGA,Nigeria,Percent change,,,n/a,n/a,n/a,-0.552,2.193,1.569,0.257,1.872,4.052,2.886,2.496,0.522,5.518,6.667,14.604,9.503,10.442,7.008,6.726,7.318,7.199,8.353,11.259,4.887,4.279,5.394,6.31,2.653,-1.617,0.806,1.923,2.208,-4.278,1.698,2.522,2.514,2.521,2.513,2019
962,MKD,North Macedonia,Percent change,,,n/a,n/a,n/a,n/a,n/a,-7.5,-1.8,-1.1,1.2,1.351,3.381,4.348,4.539,-3.067,1.494,2.223,4.674,4.724,5.137,6.473,5.472,-0.359,3.359,2.34,-0.456,2.925,3.629,3.856,2.848,1.082,2.72,3.551,-5.4,5.5,4.5,4.04,3.8,3.54,2019
142,NOR,Norway,Percent change,,,-0.255,1.038,1.932,3.085,3.574,2.845,5.055,4.155,5.028,5.285,2.624,2.013,3.205,2.075,1.446,0.91,3.969,2.625,2.4,2.994,0.476,-1.727,0.702,0.981,2.703,1.034,1.969,1.967,1.072,2.323,1.29,1.155,-2.834,3.559,2.954,2.325,1.84,1.833,2018
449,OMN,Oman,Percent change,,,5.245,2.983,8.378,6.044,8.492,6.144,3.845,4.831,2.889,6.178,2.704,0.332,6.549,4.483,-1.101,-2.667,1.291,2.49,5.373,4.452,8.201,6.112,1.956,2.565,9.104,5.103,1.423,4.658,4.897,0.346,0.919,-0.825,-10.004,-0.545,11.041,3.534,3.474,3.055,2019
564,PAK,Pakistan,Percent change,,,6.436,4.808,4.589,5.127,7.569,2.097,4.369,5.062,6.599,1.703,3.494,4.182,3.908,1.967,3.112,4.726,7.483,8.958,5.818,5.537,4.988,0.361,2.581,3.624,3.837,3.683,4.053,4.058,4.563,5.219,5.534,1.911,-0.385,1.021,4.046,4.524,4.995,5.024,2020
565,PLW,Palau,Percent change,,,n/a,n/a,n/a,n/a,n/a,n/a,n/a,n/a,n/a,n/a,n/a,n/a,n/a,6.44,3.579,-3.263,4.856,3.96,-0.406,0.988,-5.414,-5.92,0.111,5.076,1.606,-1.738,5.963,5.04,-0.444,-1.972,5.815,-1.769,-11.4,-7.4,10.3,11.9,1.8,2,2019
283,PAN,Panama,Percent change,,,-13.38,1.562,8.099,9.418,8.203,5.456,2.849,1.752,7.371,6.48,7.332,3.878,2.737,0.558,2.247,4.226,7.508,7.181,8.541,12.111,9.856,1.243,5.828,11.314,9.779,6.903,5.067,5.733,4.953,5.599,3.692,3.006,-8.995,4,5,5,5,5,2019
853,PNG,Papua New Guinea,Percent change,,,2.909,-1.424,-3.132,9.568,13.827,13.334,10.492,-3.446,6.599,-6.343,4.682,1.856,-2.494,-0.123,-0.159,9.046,0.578,4.252,2.537,7.815,-0.296,6.8,10.128,1.108,4.657,3.825,13.544,9.484,4.078,3.538,-0.85,4.933,-3.276,1.187,2.871,3.016,2.763,3.164,2015
288,PRY,Paraguay,Percent change,,,5.881,5.817,4.12,3.49,1.696,4.936,5.318,6.823,1.574,4.243,0.068,-1.366,-2.314,-0.834,-0.021,4.321,4.057,2.133,4.807,5.422,6.359,-0.258,11.144,4.249,-0.539,8.417,4.861,3.08,4.313,4.954,3.356,-0.03,-4,5.5,5,4.2,4.1,4,2018
293,PER,Peru,Percent change,,,-9.422,-13.422,-5.09,2.219,-0.541,5.244,12.308,7.411,2.799,6.476,-0.392,1.495,2.695,0.617,5.454,4.165,4.959,6.285,7.529,8.518,9.143,1.049,8.451,6.452,5.951,5.837,2.394,3.274,4.05,2.475,3.969,2.175,-13.941,7.287,5.003,4.887,3.911,3.797,2019
566,PHL,Philippines,Percent change,,,6.753,6.205,3.037,-0.439,0.374,2.104,4.235,4.49,5.752,5.061,-0.63,3.324,3.851,3.049,3.716,5.087,6.569,4.942,5.316,6.519,4.344,1.448,7.335,3.858,6.897,6.751,6.348,6.348,7.149,6.931,6.341,6.041,-8.262,7.411,6.447,6.469,6.459,6.478,2019
964,POL,Poland,Percent change,,,3.285,3.812,-7.171,-7.005,2.033,4.287,5.239,6.728,6.239,7.086,4.982,4.524,4.26,1.205,1.443,3.562,5.136,3.493,6.179,7.035,4.25,2.82,3.608,5.017,1.608,1.392,3.318,3.839,3.064,4.938,5.349,4.147,-3.56,4.599,4.518,3.668,2.923,2.368,2019
182,PRT,Portugal,Percent change,,,5.34,6.649,7.859,3.37,3.13,-0.687,1.489,2.307,3.504,4.401,4.808,3.907,3.816,1.944,0.771,-0.931,1.789,0.782,1.625,2.507,0.319,-3.122,1.738,-1.696,-4.057,-0.923,0.792,1.792,2.019,3.506,2.637,2.165,-10.002,6.5,4.8,2.9,2,1.7,2019
359,PRI,Puerto Rico,Percent change,,,6.508,4.94,3.781,2.304,4.564,4.645,4.186,4.549,2.314,4.88,6.518,4.413,3.272,9.468,2.17,2.341,1.987,-1.987,-1.41,-1.162,-1.844,-1.952,-0.413,-0.359,0.029,-0.307,-1.19,-1.049,-1.263,-2.657,-4.906,2,-7.5,1.5,0.7,0,-0.3,-0.3,2018
453,QAT,Qatar,Percent change,,,4.7,5.3,-14.644,-1.524,10.424,-0.891,1.929,0.361,4.229,27.745,10.253,3.767,6.946,4.5,6.873,3.987,19.225,7.792,28.082,18.191,17.494,13.063,17.746,11.303,4.73,5.556,5.334,4.753,3.064,-1.498,1.235,0.775,-4.483,2.521,3.877,1.998,2.577,2.472,2019
968,ROU,Romania,Percent change,,,-0.5,-5.8,-5.612,-12.927,-8.766,1.528,3.932,7.138,3.948,-6.053,-4.818,-1.15,2.921,5.218,5.703,2.341,10.428,4.668,8.029,7.234,9.307,-5.517,-3.901,2.007,2.077,3.515,3.411,3.872,4.801,7.111,4.437,4.08,-4.801,4.573,3.88,3.759,3.646,3.505,2019
922,RUS,Russia,Percent change,,,n/a,n/a,n/a,n/a,n/a,-8.7,-12.7,-4.1,-3.608,1.382,-5.345,6.351,10.046,5.09,4.744,7.349,7.176,6.376,8.154,8.535,5.248,-7.821,4.503,5.066,4.024,1.755,0.736,-1.973,0.194,1.826,2.536,1.342,-4.116,2.816,2.349,2.145,2.045,1.795,2019
714,RWA,Rwanda,Percent change,,,0.296,-5.706,0.419,-4.3,6.6,-10.378,-41.89,24.541,11.596,14.9,8.34,3.308,12.436,5.863,12.832,-2.859,7.654,9.438,14.99,6.96,1.71,8.588,5.97,9.024,8.595,5.89,7.803,8.873,5.973,3.987,8.578,9.397,1.985,6.315,7.956,8.581,7.08,6.068,2018
862,WSM,Samoa,Percent change,,,2.871,5.819,-6.444,-2.443,4.135,1.683,6.39,6.556,7.274,0.803,1.1,-0.636,5.093,7.39,5.652,5.213,3.087,6.639,2.132,0.486,3.556,-0.542,2.551,4.173,-4.089,-0.419,0.078,4.272,8.054,1.016,-2.168,3.549,-4.997,-1.519,2.658,2.178,2.178,2.178,2019
135,SMR,San Marino,Percent change,,,n/a,n/a,n/a,n/a,n/a,n/a,n/a,n/a,n/a,n/a,7.52,8.998,2.203,5.539,0.315,3.9,4.565,2.426,3.826,7.103,-0.378,-10.134,-5.805,-8.522,-7.207,-0.817,-0.657,2.695,2.344,0.435,1.696,1.1,-11,5.67,2.94,1.446,0.562,0.5,2018
716,STP,São Tomé and Príncipe,Percent change,,,1.999,3.135,-2.153,1.201,0.7,1.1,2.2,2,1.5,0.996,2.5,2.5,0.448,2.4,2.377,6.573,3.832,7.094,9.116,3.254,8.186,2.426,6.672,4.398,3.142,4.815,6.55,3.798,4.172,3.871,3.028,1.302,-6.5,3,5.5,4.5,4.5,4.5,2019
456,SAU,Saudi Arabia,Percent change,,,13.109,-0.503,15.193,15.008,3.988,-1.364,0.559,0.212,2.637,1.104,2.893,-3.763,5.625,-1.211,-2.819,11.242,7.958,5.574,2.788,1.847,6.25,-2.059,5.039,9.997,5.411,2.699,3.652,4.106,1.671,-0.742,2.434,0.331,-5.435,3.099,3.444,2.547,2.631,2.637,2019
722,SEN,Senegal,Percent change,,,-0.592,3.978,-0.676,2.556,1.243,1.301,-0.017,5.363,2.012,3.124,5.899,6.347,3.199,4.581,0.655,6.683,5.871,5.623,2.462,4.938,4.056,2.093,3.563,1.458,5.117,2.822,6.614,6.367,6.356,7.407,6.363,5.287,-0.689,5.246,6.008,12.414,8.146,6.028,2019
942,SRB,Serbia,Percent change,,,n/a,n/a,n/a,n/a,n/a,n/a,n/a,n/a,n/a,n/a,n/a,-12.147,7.759,4.993,7.116,4.415,9.047,10.154,5.108,6.44,5.656,-2.732,0.731,2.036,-0.682,2.893,-1.59,1.776,3.34,2.049,4.392,4.187,-2.468,5.478,6.035,4.508,4.027,4.017,2019
718,SYC,Seychelles,Percent change,,,5.326,10.286,7.455,2.76,7.173,7.303,-2.437,0.485,9.998,12.194,2.467,1.872,4.253,-2.271,1.213,-5.887,-2.85,9.006,9.406,10.418,-2.141,-1.107,5.945,5.379,3.68,6.018,4.531,4.911,4.563,4.376,3.754,3.901,-13.778,4.172,5.55,4.828,4.173,3.961,2017
724,SLE,Sierra Leone,Percent change,,,2.058,4.952,1.611,-7.993,-9.646,0.054,3.5,-10.025,-24.787,-17.596,-0.837,-8.122,3.807,18.17,26.425,9.327,6.598,4.505,4.224,8.058,5.4,3.187,5.347,6.312,15.178,20.72,4.555,-20.493,6.354,3.771,3.458,5.351,-3.085,2.742,4.235,4.542,4.497,4.608,2018
576,SGP,Singapore,Percent change,,,11.264,10.159,9.821,6.689,6.64,11.463,11.098,7.201,7.471,8.32,-2.195,5.724,9.039,-1.069,3.915,4.536,9.82,7.359,9.005,9.022,1.868,0.121,14.526,6.338,4.462,4.837,3.938,2.989,3.243,4.337,3.438,0.733,-6.001,4.977,2.586,2.613,2.524,2.47,2019
936,SVK,Slovak Republic,Percent change,,,n/a,n/a,n/a,n/a,n/a,n/a,6.206,7.872,6.941,4.445,4.076,-0.106,1.167,3.254,4.51,5.499,5.279,6.623,8.493,10.832,5.575,-5.456,5.721,2.865,1.896,0.671,2.752,4.822,2.123,3.046,3.897,2.399,-7.086,6.9,4.786,3.763,2.775,2.464,2019
961,SVN,Slovenia,Percent change,,,n/a,n/a,n/a,n/a,n/a,2.8,5.3,4.1,3.602,5.05,3.279,5.333,3.673,3.216,3.506,2.96,4.359,3.798,5.746,6.98,3.51,-7.549,1.344,0.861,-2.639,-1.029,2.768,2.21,3.122,4.833,4.118,2.443,-6.7,5.2,3.448,2.845,2.645,2.348,2019
813,SLB,Solomon Islands,Percent change,,,1.25,4.264,2.2,6,12.7,4,8.1,10.089,1.61,-0.914,1.292,-0.486,-14.277,-7.957,-2.8,6.523,6.667,5.526,4.874,4.442,5.806,2.569,8.616,7.267,1.865,5.332,1.05,1.417,5.873,5.347,3.943,1.193,-4.993,4.465,3.927,3.723,3.084,2.988,2019
726,SOM,Somalia,Percent change,,,n/a,n/a,n/a,n/a,n/a,n/a,n/a,n/a,n/a,n/a,n/a,n/a,n/a,n/a,n/a,n/a,n/a,n/a,n/a,n/a,n/a,n/a,n/a,n/a,1.2,1.86,2.354,3.46,2.894,1.385,2.8,2.9,-1.5,2.9,3.2,3.4,3.6,3.9,2019
199,ZAF,South Africa,Percent change,,,4.2,2.395,-0.318,-1.018,-2.137,1.234,3.234,3.116,4.307,2.647,0.517,2.358,4.155,2.735,3.668,2.949,4.555,5.277,5.604,5.36,3.191,-1.538,3.04,3.284,2.213,2.485,1.847,1.194,0.399,1.415,0.787,0.153,-8,3,1.54,1.516,2.139,2.34,2019
733,SSD,South Sudan,Percent change,,,n/a,n/a,n/a,n/a,n/a,n/a,n/a,n/a,n/a,n/a,n/a,n/a,n/a,n/a,n/a,n/a,n/a,n/a,n/a,n/a,n/a,n/a,n/a,n/a,-52.429,29.329,2.918,-0.173,-13.475,-5.765,-1.931,0.87,4.111,-2.271,0.841,2.975,5.493,5.424,2018
184,ESP,Spain,Percent change,,,5.285,5.004,3.847,2.525,0.851,-1.314,2.335,4.122,2.421,3.865,4.469,4.745,5.053,3.936,2.727,2.984,3.118,3.656,4.104,3.602,0.889,-3.769,0.168,-0.814,-2.958,-1.437,1.382,3.837,3.028,2.895,2.354,1.977,-12.83,7.154,4.464,3.371,2.76,1.45,2019
524,LKA,Sri Lanka,Percent change,,,2.698,2.25,6.174,10.821,-3.135,7.477,8.036,6.051,12.162,10.291,-1.646,2.879,8.418,-1.948,3.727,5.94,5.445,6.242,7.668,6.797,5.95,3.539,8.016,8.405,9.145,3.396,4.961,5.008,4.487,3.578,3.306,2.283,-4.554,5.268,4.961,4.647,4.657,4.785,2019
361,KNA,St. Kitts and Nevis,Percent change,,,10.353,6.013,5.454,2.27,3.077,5.418,5.404,3.462,5.897,7.327,1.024,3.943,9.714,5.309,1.37,-3.936,3.996,9.734,3.15,0.601,6.12,-4.048,-0.608,1.827,-2.228,5.384,6.286,1.032,2.828,-1.978,2.924,2.842,-18.65,8,6.2,4.7,2.683,2.695,2019
362,LCA,St. Lucia,Percent change,,,13.899,8.983,9.89,0.376,7.952,0.583,1.599,1.749,2.922,-0.694,6.286,2.67,0.049,-3.409,0.417,4.264,7.268,-0.411,6.233,1.943,4.884,-1.848,0.506,4.803,-0.348,-2.198,1.306,-0.202,3.762,3.489,2.639,1.729,-16.897,7.206,5.911,4.61,1.838,1.841,2018
364,VCT,St. Vincent and the Grenadines,Percent change,,,13.169,3.274,4.806,2.221,7.096,3.589,-1.165,6.798,1.06,3.741,4.459,2.107,1.806,1.71,6.321,7.69,4.156,2.488,7.688,3.343,1.584,-2.099,-3.353,-0.419,1.382,1.833,1.214,1.33,1.897,1,2.163,0.4,-6.989,3.679,3.566,3.598,2.74,2.738,2019
732,SDN,Sudan,Percent change,,,4.292,1.423,0.838,7.024,5.541,2.75,3.514,8.86,5.465,6.057,8.242,4.235,8.385,10.867,5.941,6.289,5.136,5.648,6.531,5.735,3.847,-2.768,3.858,-3.214,-17.005,1.955,4.661,1.91,3.468,0.709,-2.295,-2.522,-8.38,0.758,1.352,2.706,3.647,4.542,2019
366,SUR,Suriname,Percent change,,,10.8,2.3,-1.5,-13.799,3.9,-2.2,-7,11.3,11.2,7,2.2,-0.9,-0.1,4.902,3.747,6.19,7.305,4.919,5.767,5.099,4.149,3.017,5.163,5.847,2.697,2.931,0.254,-3.414,-5.56,1.762,2.58,0.268,-13.08,1.49,1.97,2.81,2.99,2.09,2018
144,SWE,Sweden,Percent change,,,2.468,2.658,0.751,-1.103,-0.935,-1.829,3.93,3.935,1.579,3.071,4.312,4.247,4.766,1.449,2.197,2.31,4.337,2.859,4.663,3.439,-0.451,-4.34,5.952,3.195,-0.588,1.188,2.658,4.489,2.071,2.568,1.95,1.261,-4.716,3.467,2.942,2.361,2.08,2.039,2019
146,CHE,Switzerland,Percent change,,,3.311,4.392,3.566,-0.816,-0.168,-0.124,1.324,0.534,0.533,2.329,2.932,1.654,4.072,1.288,0.181,0.075,2.623,3.161,4.076,4.107,2.111,-2.229,2.874,1.834,1.006,1.879,2.482,1.265,1.711,1.864,2.739,1.248,-5.304,3.581,2.08,1.421,1.91,1.306,2019
463,SYR,Syria,Percent change,,,12.721,-6.067,10.358,10.727,13.246,7.409,5.534,5.423,2.966,-1.09,5.554,-3.121,2.295,3.68,5.897,-2.037,6.903,6.215,5.046,5.675,4.477,5.912,3.44,n/a,n/a,n/a,n/a,n/a,n/a,n/a,n/a,n/a,n/a,n/a,n/a,n/a,n/a,n/a,2010
528,TWN,Taiwan Province of China,Percent change,,,8.024,8.722,5.541,8.372,8.31,6.814,7.503,6.499,6.177,6.051,4.205,6.732,6.314,-1.402,5.481,4.225,6.952,5.383,5.771,6.851,0.799,-1.613,10.245,3.674,2.222,2.484,4.719,1.466,2.165,3.311,2.745,2.709,0.048,3.224,2.146,2.102,2.057,2.056,2019
923,TJK,Tajikistan,Percent change,,,n/a,n/a,n/a,n/a,n/a,-11.099,-21.401,-12.498,-4.368,1.7,5.3,3.699,8.3,10.2,9.1,10.2,10.6,6.7,7,7.8,7.9,3.9,6.5,7.4,7.5,7.4,6.7,6,6.9,7.1,7.3,7.5,1,6,4.5,4,4,4,2018
738,TZA,Tanzania,Percent change,,,4.4,3.8,7.045,2.072,0.584,1.206,1.567,3.571,4.544,3.525,3.708,4.84,4.934,5.998,7.164,6.886,7.828,7.37,4.661,8.464,5.567,5.382,6.359,7.905,5.141,6.782,6.732,6.161,6.867,6.773,6.959,6.971,1.903,3.599,6.12,6.458,6.592,6.672,2018
578,THA,Thailand,Percent change,,,13.288,12.194,11.623,8.403,9.23,8.675,7.997,8.12,5.652,-2.754,-7.634,4.572,4.456,3.444,6.149,7.189,6.289,4.188,4.968,5.435,1.726,-0.691,7.513,0.84,7.243,2.687,0.984,3.134,3.429,4.066,4.151,2.355,-7.145,4.001,4.439,4.271,4.288,3.674,2018
537,TLS,Timor-Leste,Percent change,,,n/a,n/a,n/a,n/a,n/a,n/a,n/a,n/a,n/a,n/a,n/a,n/a,n/a,16.348,-6.701,-2.182,0.4,3.019,-4.11,10.228,11.339,9.988,9.459,5.807,6.017,2.125,4.451,3.056,3.551,-3.799,-0.78,3.1,-6.8,4,4.8,2.4,2.6,2.55,2018
742,TGO,Togo,Percent change,,,10.124,4.1,5.897,-0.59,-3.207,-16.319,13.93,19.691,-3.871,3.803,-2.263,2.536,-0.968,0.823,3.827,6.72,-0.979,-4.666,2.65,-1.175,4.062,5.538,6.099,6.398,6.544,6.112,5.921,5.743,5.559,4.357,4.91,5.3,0,3,4.5,5,5.5,5.5,2016
866,TON,Tonga,Percent change,,,-3.5,1.1,4.7,5.9,-3.8,-0.1,1.979,7.93,0.09,-0.636,2.306,2.296,3.766,1.46,4.495,0.056,-1.885,-0.416,-2.194,-2.5,4.75,-5.199,0.803,6.818,0.823,0.312,2.019,1.172,6.571,3.322,0.302,0.732,-2.539,-3.546,4.016,3.008,2.451,1.812,2019
369,TTO,Trinidad and Tobago,Percent change,,,-3.92,-0.83,1.509,3.112,10.093,-0.669,3.567,3.81,7.134,7.523,8.125,8.025,6.901,3.698,7.152,13.878,7.328,5.895,14.181,4.255,3.286,-4.823,3.461,-0.192,-0.704,2.229,-0.913,1.823,-6.296,-2.312,-0.245,-0.002,-5.645,2.632,4.178,1.811,1.511,1.5,2018
744,TUN,Tunisia,Percent change,,,0.071,2.579,7.075,4.138,8.009,2.477,3.628,2.671,6.855,5.725,4.963,6.017,4.299,3.796,1.323,4.702,6.236,3.487,5.244,6.71,4.238,3.043,3.511,-1.918,4.089,2.822,2.873,1.184,1.229,1.919,2.715,0.981,-7.044,3.951,2.871,2.876,3.002,2.998,2019
186,TUR,Turkey,Percent change,,,2.121,0.253,9.255,0.926,5.984,8.042,-5.456,7.19,7.007,7.528,3.092,-3.298,6.933,-5.75,6.448,5.763,9.796,8.992,6.948,5.044,0.815,-4.823,8.427,11.2,4.788,8.486,4.94,6.084,3.323,7.502,2.959,0.917,-4.985,4.997,4.018,3.52,3.535,3.494,2019
925,TKM,Turkmenistan,Percent change,,,n/a,n/a,n/a,n/a,n/a,-10,-17.3,-7.2,-6.7,-11.3,6.7,16.499,18.587,20.391,15.768,17.095,14.692,13.04,10.967,11.057,14.747,6.133,9.16,14.72,11.051,10.163,10.346,6.453,6.2,6.47,6.153,6.342,1.777,4.647,4.728,4.812,4.896,4.98,2018
869,TUV,Tuvalu,Percent change,,,n/a,n/a,n/a,n/a,n/a,n/a,n/a,n/a,n/a,n/a,n/a,n/a,n/a,1.452,7.712,-3.105,-1.676,-4.118,2.891,6.347,7.095,-4.132,-3.318,7.476,-3.884,4.91,1.178,9.23,5.885,4.6,3.662,6,-0.517,2.985,3.612,3.174,2.967,2.981,2018
746,UGA,Uganda,Percent change,,,8.294,6.403,6.497,1.778,5.85,6.686,7.694,9.174,6.595,4.62,6.074,7.953,3.941,8.765,7.057,6.159,5.803,10.007,7.049,8.064,10.428,8.069,7.484,7.677,2.333,3.938,5.745,6.837,0.359,7.262,6.141,6.659,-0.288,4.925,5.5,6.04,7.578,9.289,2019
926,UKR,Ukraine,Percent change,,,n/a,n/a,n/a,n/a,n/a,-14.2,-22.9,-12.2,-10,-3,-1.9,-0.2,5.9,8.8,5.3,9.5,11.8,3.1,7.6,8.2,2.2,-15.1,4.1,5.46,0.224,0.002,-6.575,-9.788,2.417,2.466,3.405,3.233,-7.2,2.999,3.201,3.4,3.797,3.995,2019
466,ARE,United Arab Emirates,Percent change,,,-2.623,15.733,23.562,2.141,3.095,-0.029,7.363,6.58,5.34,8.553,0.791,3.751,12.329,1.284,2.478,8.813,9.577,4.867,9.831,3.231,3.215,-5.229,1.595,6.93,4.485,5.053,4.284,5.106,3.061,2.374,1.19,1.678,-6.567,1.349,2.201,2.563,2.568,2.573,2019
112,GBR,United Kingdom,Percent change,,,5.732,2.578,0.734,-1.103,0.401,2.49,3.846,2.531,2.492,3.855,3.645,3.428,3.437,2.974,2.324,3.286,2.374,3.18,2.788,2.431,-0.281,-4.248,1.95,1.54,1.479,2.14,2.608,2.355,1.918,1.892,1.341,1.463,-9.762,5.921,3.171,1.861,1.749,1.633,2019
111,USA,United States,Percent change,,,4.177,3.673,1.886,-0.108,3.522,2.753,4.029,2.684,3.772,4.447,4.481,4.753,4.127,0.999,1.742,2.861,3.799,3.513,2.855,1.876,-0.137,-2.537,2.564,1.551,2.249,1.842,2.526,3.076,1.711,2.333,2.997,2.161,-4.272,3.078,2.941,2.263,1.901,1.831,2019
298,URY,Uruguay,Percent change,,,1.467,1.104,0.297,3.539,7.932,2.658,7.281,-1.448,5.578,5.048,4.28,-2.965,-1.776,-3.461,-7.051,2.327,4.64,6.806,4.099,6.542,7.176,4.243,7.803,5.162,3.538,4.638,3.239,0.371,1.69,2.591,1.62,0.222,-4.5,4.3,2.5,2.8,2.6,2.4,2019
927,UZB,Uzbekistan,Percent change,,,n/a,n/a,n/a,n/a,n/a,-2.3,-5.2,-0.9,4.494,5.2,4.3,4.3,3.8,4.2,4,4.2,7.4,7,7.5,9.5,9,8.1,7.294,7.785,7.376,7.585,7.179,7.448,6.094,4.462,5.446,5.564,0.7,5,6,5.5,5.5,5.5,2019
846,VUT,Vanuatu,Percent change,,,-1.695,1.533,11.697,3.147,2.584,0.736,9.079,1.005,2.328,4.907,1.176,0.337,5.925,-3.398,-5.198,4.288,3.987,5.305,8.465,5.174,6.449,3.313,1.629,1.223,1.755,1.969,2.304,0.163,3.467,4.418,2.9,3.265,-8.286,4.281,3.91,3.3,3.2,3,2018
299,VEN,Venezuela,Percent change,,,6.51,-13.92,6.468,9.73,6.06,0.275,-2.349,3.952,-0.198,6.371,0.294,-5.97,3.687,3.394,-8.856,-7.755,18.287,10.318,9.872,8.754,5.278,-3.202,-1.489,4.176,5.626,1.343,-3.894,-6.221,-17.04,-15.671,-19.621,-35,-25,-10,-5,n/a,n/a,n/a,2018
582,VNM,Vietnam,Percent change,,,5.1,7.8,5.047,5.809,8.7,8.078,8.834,9.54,9.34,8.152,5.765,4.774,6.787,6.895,7.08,7.341,7.789,7.547,6.978,7.129,5.662,5.398,6.423,6.413,5.505,5.554,6.422,6.987,6.69,6.94,7.076,7.017,1.6,6.7,7.44,7.24,6.931,6.63,2019
487,WBG,West Bank and Gaza,Percent change,,,n/a,n/a,n/a,n/a,n/a,n/a,n/a,7.118,1.215,14.668,14.334,8.281,-8.556,-9.311,-12.488,14.016,21.924,11.291,-0.997,3.788,7.429,8.593,5.777,9.601,6.096,4.699,-0.158,3.721,8.865,1.419,1.227,0.949,-11.98,8.189,5.057,2.041,2,2.001,2019
474,YEM,Yemen,Percent change,,,n/a,n/a,n/a,6.293,8.208,4.002,6.722,5.669,4.635,5.231,6.007,3.776,6.182,3.804,3.935,3.747,3.973,5.592,3.17,3.338,3.648,3.866,7.702,-12.715,2.393,4.824,-0.189,-27.995,-9.375,-5.072,0.752,2.1,-5,0.5,2.5,6.695,6.374,6.217,2019
754,ZMB,Zambia,Percent change,,,9.271,-3.658,-0.579,-0.666,2.052,-0.077,-13.309,2.898,6.219,3.814,-0.386,4.65,3.897,5.317,4.506,6.945,7.032,7.236,7.904,8.352,7.774,9.22,10.298,5.565,7.598,5.057,4.698,2.92,3.757,3.524,4.035,1.442,-4.831,0.583,1.051,1.214,1.231,1.21,2018
698,ZWE,Zimbabwe,Percent change,,,n/a,n/a,n/a,n/a,n/a,n/a,n/a,n/a,n/a,n/a,n/a,-1.111,-4.231,-0.454,-7.704,-16.224,-6.27,-7.413,-3.556,-3.401,-16.323,7.396,19.683,14.197,16.658,1.975,2.383,1.791,0.742,4.704,3.497,-6.541,-10.378,4.158,2.485,2.16,2.16,2.16,2019
,,,,,,,,,,,,,,,,,,,,,,,,,,,,,,,,,,,,,,,,,,,,
"International Monetary Fund, World Economic Outlook Database, October 2020",,,,,,,,,,,,,,,,,,,,,,,,,,,,,,,,,,,,,,,,,,,,
